count,classname,img
1,type0,img_8868.jpg
2,type0,img_6563.jpg
3,type1,img_15559.jpg
4,type1,img_75887.jpg
5,type1,img_6885.jpg
6,type2,img_59928.jpg
7,type2,img_38985.jpg
8,type2,img_88174.jpg
9,type2,img_100246.jpg
10,type2,img_22091.jpg
11,type2,img_88794.jpg
12,type3,img_66811.jpg
13,type3,img_30528.jpg
14,type4,img_16550.jpg
15,type4,img_50372.jpg
16,type4,img_803.jpg
17,type4,img_25161.jpg
18,type4,img_33292.jpg
19,type4,img_38813.jpg
20,type5,img_41807.jpg
21,type5,img_90275.jpg
22,type6,img_508.jpg
23,type6,img_48760.jpg
24,type6,img_87273.jpg
25,type6,img_39490.jpg
26,type6,img_30426.jpg
27,type6,img_38476.jpg
28,type6,img_90321.jpg
29,type7,img_93416.jpg
30,type7,img_87942.jpg
31,type8,img_84138.jpg
32,type8,img_96126.jpg
33,type9,img_13318.jpg
34,type9,img_81316.jpg
35,type9,img_9194.jpg
36,type9,img_88330.jpg
37,type9,img_42064.jpg
38,type0,img_97089.jpg
39,type0,img_2813.jpg
40,type0,img_31623.jpg
41,type0,img_10225.jpg
42,type0,img_57096.jpg
43,type0,img_10609.jpg
44,type1,img_90710.jpg
45,type1,img_20954.jpg
46,type1,img_10838.jpg
47,type2,img_22592.jpg
48,type2,img_42098.jpg
49,type2,img_53507.jpg
50,type3,img_35106.jpg
51,type3,img_65648.jpg
52,type4,img_101810.jpg
53,type5,img_100823.jpg
54,type5,img_66960.jpg
55,type5,img_75026.jpg
56,type5,img_88607.jpg
57,type5,img_56799.jpg
58,type6,img_55547.jpg
59,type6,img_20896.jpg
60,type6,img_83028.jpg
61,type6,img_33394.jpg
62,type6,img_8143.jpg
63,type7,img_101743.jpg
64,type7,img_44321.jpg
65,type7,img_65354.jpg
66,type8,img_58933.jpg
67,type8,img_86528.jpg
68,type8,img_46758.jpg
69,type8,img_73146.jpg
70,type8,img_33633.jpg
71,type8,img_59999.jpg
72,type9,img_90058.jpg
73,type0,img_27832.jpg
74,type0,img_49875.jpg
75,type0,img_95735.jpg
76,type0,img_90747.jpg
77,type1,img_75786.jpg
78,type1,img_59094.jpg
79,type1,img_57326.jpg
80,type1,img_28720.jpg
81,type2,img_44050.jpg
82,type2,img_12410.jpg
83,type2,img_1504.jpg
84,type2,img_39809.jpg
85,type2,img_20644.jpg
86,type2,img_64261.jpg
87,type2,img_72579.jpg
88,type3,img_52041.jpg
89,type3,img_41902.jpg
90,type3,img_52921.jpg
91,type4,img_67180.jpg
92,type4,img_57333.jpg
93,type4,img_76773.jpg
94,type4,img_99540.jpg
95,type4,img_91158.jpg
96,type4,img_68087.jpg
97,type4,img_18203.jpg
98,type5,img_98623.jpg
99,type5,img_29599.jpg
100,type6,img_73688.jpg
101,type6,img_13918.jpg
102,type6,img_88863.jpg
103,type6,img_21616.jpg
104,type6,img_65971.jpg
105,type6,img_80758.jpg
106,type7,img_47882.jpg
107,type7,img_18345.jpg
108,type9,img_73160.jpg
109,type9,img_52507.jpg
110,type9,img_81677.jpg
111,type9,img_9676.jpg
112,type0,img_48886.jpg
113,type0,img_36808.jpg
114,type0,img_47384.jpg
115,type0,img_51736.jpg
116,type0,img_46441.jpg
117,type0,img_7031.jpg
118,type0,img_5237.jpg
119,type1,img_53045.jpg
120,type2,img_61702.jpg
121,type2,img_26979.jpg
122,type2,img_67222.jpg
123,type2,img_13963.jpg
124,type3,img_71831.jpg
125,type3,img_72702.jpg
126,type3,img_48278.jpg
127,type4,img_2071.jpg
128,type4,img_58436.jpg
129,type4,img_53991.jpg
130,type4,img_54866.jpg
131,type4,img_42719.jpg
132,type4,img_22137.jpg
133,type4,img_84120.jpg
134,type4,img_49163.jpg
135,type5,img_9234.jpg
136,type5,img_7331.jpg
137,type5,img_1395.jpg
138,type5,img_94685.jpg
139,type5,img_35159.jpg
140,type5,img_40903.jpg
141,type5,img_55575.jpg
142,type6,img_78554.jpg
143,type6,img_90580.jpg
144,type6,img_81450.jpg
145,type6,img_50354.jpg
146,type6,img_94293.jpg
147,type6,img_51807.jpg
148,type7,img_80256.jpg
149,type7,img_6497.jpg
150,type8,img_7013.jpg
151,type8,img_25505.jpg
152,type8,img_91792.jpg
153,type8,img_51222.jpg
154,type8,img_45960.jpg
155,type9,img_23677.jpg
156,type9,img_79088.jpg
157,type9,img_72749.jpg
158,type9,img_17562.jpg
159,type9,img_52516.jpg
160,type0,img_95830.jpg
161,type0,img_8031.jpg
162,type0,img_33405.jpg
163,type1,img_40953.jpg
164,type1,img_88948.jpg
165,type1,img_35467.jpg
166,type2,img_25337.jpg
167,type2,img_53768.jpg
168,type2,img_72824.jpg
169,type3,img_43648.jpg
170,type3,img_9364.jpg
171,type3,img_82071.jpg
172,type3,img_71939.jpg
173,type3,img_68237.jpg
174,type3,img_16866.jpg
175,type3,img_17120.jpg
176,type3,img_100419.jpg
177,type4,img_89957.jpg
178,type4,img_26790.jpg
179,type4,img_68215.jpg
180,type4,img_50455.jpg
181,type5,img_94088.jpg
182,type5,img_67648.jpg
183,type5,img_58457.jpg
184,type5,img_93438.jpg
185,type5,img_20750.jpg
186,type5,img_97572.jpg
187,type5,img_82232.jpg
188,type5,img_55510.jpg
189,type6,img_20956.jpg
190,type6,img_92582.jpg
191,type6,img_75111.jpg
192,type6,img_40075.jpg
193,type6,img_18807.jpg
194,type6,img_65775.jpg
195,type6,img_25980.jpg
196,type6,img_14240.jpg
197,type7,img_3012.jpg
198,type7,img_36136.jpg
199,type7,img_34534.jpg
200,type7,img_8248.jpg
201,type8,img_25061.jpg
202,type8,img_79307.jpg
203,type9,img_50852.jpg
204,type9,img_30461.jpg
205,type9,img_2955.jpg
206,type9,img_66840.jpg
207,type9,img_22903.jpg
208,type0,img_73813.jpg
209,type0,img_56098.jpg
210,type0,img_68708.jpg
211,type0,img_39865.jpg
212,type1,img_93994.jpg
213,type1,img_99084.jpg
214,type1,img_72986.jpg
215,type1,img_28491.jpg
216,type1,img_96828.jpg
217,type1,img_62154.jpg
218,type1,img_96239.jpg
219,type2,img_29485.jpg
220,type2,img_15791.jpg
221,type2,img_84615.jpg
222,type2,img_83377.jpg
223,type2,img_36284.jpg
224,type3,img_93481.jpg
225,type3,img_39528.jpg
226,type3,img_45469.jpg
227,type4,img_48761.jpg
228,type4,img_18367.jpg
229,type4,img_11897.jpg
230,type4,img_56761.jpg
231,type4,img_32943.jpg
232,type4,img_33576.jpg
233,type5,img_75798.jpg
234,type5,img_53336.jpg
235,type5,img_70461.jpg
236,type5,img_96396.jpg
237,type5,img_4092.jpg
238,type5,img_82733.jpg
239,type5,img_8802.jpg
240,type6,img_24613.jpg
241,type6,img_85290.jpg
242,type6,img_86108.jpg
243,type7,img_16215.jpg
244,type7,img_83114.jpg
245,type8,img_89614.jpg
246,type8,img_39039.jpg
247,type8,img_75591.jpg
248,type8,img_47518.jpg
249,type8,img_97549.jpg
250,type8,img_49411.jpg
251,type8,img_7514.jpg
252,type9,img_50680.jpg
253,type9,img_28025.jpg
254,type9,img_73893.jpg
255,type9,img_47671.jpg
256,type9,img_39564.jpg
257,type9,img_99653.jpg
258,type9,img_59110.jpg
259,type9,img_28199.jpg
260,type9,img_52400.jpg
261,type0,img_38502.jpg
262,type0,img_80858.jpg
263,type0,img_35203.jpg
264,type0,img_23082.jpg
265,type0,img_67092.jpg
266,type0,img_77595.jpg
267,type0,img_82122.jpg
268,type1,img_94895.jpg
269,type1,img_91638.jpg
270,type1,img_62278.jpg
271,type1,img_23109.jpg
272,type1,img_6609.jpg
273,type1,img_28511.jpg
274,type1,img_97359.jpg
275,type1,img_79103.jpg
276,type1,img_75227.jpg
277,type1,img_85280.jpg
278,type1,img_30210.jpg
279,type1,img_52250.jpg
280,type1,img_19124.jpg
281,type2,img_54809.jpg
282,type2,img_60911.jpg
283,type2,img_41219.jpg
284,type2,img_50575.jpg
285,type2,img_34137.jpg
286,type3,img_61078.jpg
287,type3,img_46161.jpg
288,type3,img_82918.jpg
289,type3,img_25891.jpg
290,type3,img_84792.jpg
291,type3,img_39488.jpg
292,type4,img_87853.jpg
293,type4,img_20205.jpg
294,type4,img_18295.jpg
295,type4,img_24082.jpg
296,type4,img_27597.jpg
297,type4,img_17892.jpg
298,type4,img_732.jpg
299,type4,img_67677.jpg
300,type4,img_17531.jpg
301,type4,img_89569.jpg
302,type5,img_90980.jpg
303,type5,img_2739.jpg
304,type5,img_97399.jpg
305,type5,img_94160.jpg
306,type5,img_27352.jpg
307,type5,img_70959.jpg
308,type6,img_89734.jpg
309,type6,img_81272.jpg
310,type7,img_19538.jpg
311,type7,img_33895.jpg
312,type7,img_18053.jpg
313,type8,img_53748.jpg
314,type8,img_88559.jpg
315,type9,img_91137.jpg
316,type9,img_83611.jpg
317,type9,img_34836.jpg
318,type9,img_24134.jpg
319,type9,img_66002.jpg
320,type0,img_83316.jpg
321,type0,img_68173.jpg
322,type0,img_87609.jpg
323,type0,img_86237.jpg
324,type0,img_28760.jpg
325,type0,img_36893.jpg
326,type0,img_32901.jpg
327,type0,img_61458.jpg
328,type0,img_88169.jpg
329,type0,img_47472.jpg
330,type0,img_4704.jpg
331,type0,img_61139.jpg
332,type0,img_67110.jpg
333,type1,img_149.jpg
334,type1,img_94230.jpg
335,type1,img_44158.jpg
336,type1,img_15927.jpg
337,type1,img_83660.jpg
338,type1,img_73432.jpg
339,type2,img_2761.jpg
340,type2,img_14997.jpg
341,type2,img_80099.jpg
342,type2,img_36812.jpg
343,type2,img_92230.jpg
344,type3,img_70362.jpg
345,type3,img_63479.jpg
346,type3,img_20918.jpg
347,type3,img_88881.jpg
348,type3,img_32529.jpg
349,type3,img_69696.jpg
350,type3,img_83975.jpg
351,type3,img_90742.jpg
352,type3,img_98026.jpg
353,type3,img_41038.jpg
354,type3,img_97372.jpg
355,type3,img_21975.jpg
356,type3,img_60151.jpg
357,type3,img_98242.jpg
358,type4,img_379.jpg
359,type4,img_81806.jpg
360,type4,img_39069.jpg
361,type4,img_30911.jpg
362,type4,img_45202.jpg
363,type5,img_75652.jpg
364,type5,img_3940.jpg
365,type5,img_10388.jpg
366,type6,img_7007.jpg
367,type6,img_36131.jpg
368,type6,img_72440.jpg
369,type6,img_84034.jpg
370,type6,img_93022.jpg
371,type6,img_63967.jpg
372,type7,img_98350.jpg
373,type7,img_13515.jpg
374,type7,img_46435.jpg
375,type7,img_68731.jpg
376,type7,img_36333.jpg
377,type8,img_75474.jpg
378,type8,img_76964.jpg
379,type8,img_10352.jpg
380,type9,img_91797.jpg
381,type9,img_33520.jpg
382,type9,img_26017.jpg
383,type9,img_53044.jpg
384,type9,img_101705.jpg
385,type9,img_44364.jpg
386,type0,img_27005.jpg
387,type0,img_95355.jpg
388,type0,img_75564.jpg
389,type0,img_79872.jpg
390,type0,img_8717.jpg
391,type0,img_86976.jpg
392,type0,img_14027.jpg
393,type1,img_8900.jpg
394,type1,img_27538.jpg
395,type1,img_51681.jpg
396,type1,img_84436.jpg
397,type1,img_11827.jpg
398,type2,img_81235.jpg
399,type2,img_86569.jpg
400,type2,img_9346.jpg
401,type2,img_39666.jpg
402,type2,img_93411.jpg
403,type3,img_75567.jpg
404,type3,img_100749.jpg
405,type3,img_71513.jpg
406,type3,img_8235.jpg
407,type3,img_45874.jpg
408,type3,img_65299.jpg
409,type3,img_43465.jpg
410,type3,img_15858.jpg
411,type4,img_66620.jpg
412,type4,img_75992.jpg
413,type4,img_19130.jpg
414,type4,img_21449.jpg
415,type4,img_7410.jpg
416,type5,img_7374.jpg
417,type5,img_49145.jpg
418,type5,img_17764.jpg
419,type5,img_52988.jpg
420,type5,img_9355.jpg
421,type5,img_23017.jpg
422,type5,img_23068.jpg
423,type5,img_33521.jpg
424,type6,img_99618.jpg
425,type7,img_7409.jpg
426,type7,img_42996.jpg
427,type7,img_9897.jpg
428,type7,img_3000.jpg
429,type8,img_72072.jpg
430,type8,img_78828.jpg
431,type8,img_67093.jpg
432,type9,img_20513.jpg
433,type9,img_54685.jpg
434,type9,img_71925.jpg
435,type9,img_81578.jpg
436,type9,img_18444.jpg
437,type9,img_47165.jpg
438,type9,img_38956.jpg
439,type9,img_96054.jpg
440,type9,img_82259.jpg
441,type0,img_76704.jpg
442,type2,img_50686.jpg
443,type2,img_23552.jpg
444,type2,img_8807.jpg
445,type3,img_65012.jpg
446,type3,img_27385.jpg
447,type3,img_68994.jpg
448,type3,img_56292.jpg
449,type3,img_14597.jpg
450,type3,img_68507.jpg
451,type3,img_84374.jpg
452,type4,img_87316.jpg
453,type4,img_8574.jpg
454,type5,img_93637.jpg
455,type5,img_84217.jpg
456,type5,img_4242.jpg
457,type6,img_30920.jpg
458,type6,img_380.jpg
459,type7,img_87980.jpg
460,type7,img_2914.jpg
461,type7,img_49854.jpg
462,type7,img_52505.jpg
463,type7,img_6484.jpg
464,type7,img_6409.jpg
465,type8,img_89208.jpg
466,type9,img_35788.jpg
467,type9,img_64712.jpg
468,type9,img_33139.jpg
469,type9,img_55377.jpg
470,type0,img_34553.jpg
471,type0,img_22590.jpg
472,type0,img_71538.jpg
473,type0,img_33537.jpg
474,type1,img_22273.jpg
475,type1,img_21773.jpg
476,type1,img_70622.jpg
477,type2,img_86648.jpg
478,type2,img_37525.jpg
479,type3,img_48397.jpg
480,type3,img_84735.jpg
481,type3,img_38735.jpg
482,type3,img_50393.jpg
483,type4,img_89406.jpg
484,type4,img_93285.jpg
485,type4,img_29070.jpg
486,type5,img_11197.jpg
487,type5,img_60404.jpg
488,type5,img_22639.jpg
489,type5,img_48698.jpg
490,type5,img_77139.jpg
491,type6,img_99682.jpg
492,type6,img_47226.jpg
493,type6,img_3758.jpg
494,type6,img_72872.jpg
495,type6,img_53621.jpg
496,type7,img_11237.jpg
497,type7,img_18697.jpg
498,type7,img_5627.jpg
499,type8,img_23932.jpg
500,type8,img_94544.jpg
501,type8,img_85440.jpg
502,type9,img_92250.jpg
503,type9,img_63029.jpg
504,type9,img_7254.jpg
505,type9,img_73981.jpg
506,type0,img_58022.jpg
507,type0,img_3100.jpg
508,type0,img_88191.jpg
509,type0,img_94394.jpg
510,type0,img_94674.jpg
511,type1,img_96582.jpg
512,type1,img_61512.jpg
513,type1,img_63746.jpg
514,type1,img_38727.jpg
515,type2,img_29015.jpg
516,type3,img_52375.jpg
517,type3,img_36852.jpg
518,type4,img_28996.jpg
519,type4,img_95362.jpg
520,type5,img_93949.jpg
521,type5,img_67271.jpg
522,type5,img_35883.jpg
523,type6,img_74901.jpg
524,type6,img_85370.jpg
525,type7,img_1086.jpg
526,type7,img_32236.jpg
527,type7,img_93632.jpg
528,type7,img_100164.jpg
529,type8,img_87249.jpg
530,type9,img_3214.jpg
531,type9,img_23876.jpg
532,type0,img_68999.jpg
533,type0,img_56142.jpg
534,type1,img_90672.jpg
535,type1,img_55112.jpg
536,type2,img_12530.jpg
537,type2,img_33067.jpg
538,type2,img_32895.jpg
539,type2,img_48891.jpg
540,type3,img_74591.jpg
541,type3,img_58292.jpg
542,type3,img_51642.jpg
543,type3,img_63963.jpg
544,type3,img_24562.jpg
545,type4,img_68488.jpg
546,type4,img_18227.jpg
547,type5,img_7010.jpg
548,type5,img_72051.jpg
549,type5,img_86359.jpg
550,type5,img_26547.jpg
551,type6,img_56807.jpg
552,type6,img_47260.jpg
553,type6,img_36965.jpg
554,type7,img_35852.jpg
555,type7,img_10672.jpg
556,type7,img_15089.jpg
557,type7,img_13095.jpg
558,type8,img_52484.jpg
559,type8,img_98982.jpg
560,type9,img_7442.jpg
561,type0,img_95667.jpg
562,type0,img_5349.jpg
563,type0,img_54792.jpg
564,type1,img_76164.jpg
565,type1,img_43891.jpg
566,type1,img_57504.jpg
567,type2,img_51873.jpg
568,type2,img_74494.jpg
569,type2,img_42664.jpg
570,type2,img_25667.jpg
571,type2,img_85046.jpg
572,type2,img_63158.jpg
573,type2,img_83496.jpg
574,type3,img_25062.jpg
575,type3,img_61794.jpg
576,type3,img_45368.jpg
577,type4,img_26101.jpg
578,type4,img_93732.jpg
579,type4,img_71495.jpg
580,type4,img_48459.jpg
581,type5,img_52787.jpg
582,type5,img_39806.jpg
583,type5,img_5011.jpg
584,type5,img_83292.jpg
585,type6,img_46348.jpg
586,type6,img_32978.jpg
587,type6,img_97539.jpg
588,type6,img_60169.jpg
589,type7,img_31767.jpg
590,type8,img_33941.jpg
591,type8,img_13090.jpg
592,type8,img_61599.jpg
593,type9,img_79393.jpg
594,type9,img_23957.jpg
595,type9,img_54420.jpg
596,type0,img_67090.jpg
597,type0,img_66454.jpg
598,type0,img_3093.jpg
599,type0,img_65978.jpg
600,type1,img_93011.jpg
601,type2,img_77654.jpg
602,type2,img_34407.jpg
603,type2,img_76144.jpg
604,type2,img_81191.jpg
605,type3,img_88854.jpg
606,type4,img_6009.jpg
607,type4,img_22476.jpg
608,type4,img_12943.jpg
609,type4,img_27971.jpg
610,type4,img_60066.jpg
611,type5,img_4173.jpg
612,type5,img_15100.jpg
613,type5,img_93220.jpg
614,type5,img_79526.jpg
615,type5,img_47203.jpg
616,type5,img_12792.jpg
617,type6,img_28733.jpg
618,type6,img_43457.jpg
619,type7,img_46617.jpg
620,type7,img_85199.jpg
621,type7,img_58754.jpg
622,type7,img_31015.jpg
623,type7,img_85355.jpg
624,type8,img_61896.jpg
625,type8,img_38350.jpg
626,type8,img_4409.jpg
627,type8,img_47801.jpg
628,type8,img_2133.jpg
629,type8,img_16321.jpg
630,type9,img_36443.jpg
631,type9,img_78354.jpg
632,type9,img_2514.jpg
633,type0,img_63904.jpg
634,type0,img_47956.jpg
635,type1,img_95373.jpg
636,type1,img_9956.jpg
637,type2,img_51199.jpg
638,type2,img_23205.jpg
639,type2,img_71460.jpg
640,type2,img_5044.jpg
641,type2,img_81442.jpg
642,type2,img_61558.jpg
643,type3,img_98881.jpg
644,type3,img_13167.jpg
645,type3,img_73824.jpg
646,type3,img_36299.jpg
647,type4,img_77083.jpg
648,type4,img_46579.jpg
649,type4,img_53559.jpg
650,type4,img_78310.jpg
651,type4,img_11494.jpg
652,type5,img_69601.jpg
653,type5,img_11953.jpg
654,type6,img_75540.jpg
655,type6,img_51070.jpg
656,type6,img_37296.jpg
657,type6,img_68693.jpg
658,type7,img_73267.jpg
659,type7,img_102076.jpg
660,type8,img_56422.jpg
661,type8,img_99693.jpg
662,type8,img_37781.jpg
663,type8,img_89591.jpg
664,type9,img_72863.jpg
665,type9,img_79977.jpg
666,type9,img_23646.jpg
667,type9,img_70296.jpg
668,type0,img_72128.jpg
669,type0,img_74965.jpg
670,type0,img_25599.jpg
671,type0,img_84894.jpg
672,type0,img_43846.jpg
673,type1,img_64494.jpg
674,type1,img_75176.jpg
675,type1,img_3039.jpg
676,type2,img_11520.jpg
677,type3,img_70371.jpg
678,type4,img_3446.jpg
679,type4,img_72013.jpg
680,type4,img_51229.jpg
681,type5,img_79539.jpg
682,type5,img_10117.jpg
683,type5,img_19071.jpg
684,type7,img_39749.jpg
685,type8,img_51168.jpg
686,type8,img_85931.jpg
687,type8,img_100446.jpg
688,type8,img_53812.jpg
689,type9,img_35900.jpg
690,type9,img_63486.jpg
691,type0,img_95252.jpg
692,type0,img_101555.jpg
693,type0,img_32023.jpg
694,type0,img_41611.jpg
695,type0,img_85821.jpg
696,type0,img_49418.jpg
697,type0,img_10662.jpg
698,type1,img_93575.jpg
699,type1,img_21096.jpg
700,type1,img_25023.jpg
701,type2,img_9493.jpg
702,type2,img_64966.jpg
703,type2,img_83195.jpg
704,type2,img_39991.jpg
705,type3,img_11743.jpg
706,type3,img_86857.jpg
707,type3,img_29910.jpg
708,type4,img_69965.jpg
709,type4,img_9775.jpg
710,type5,img_21985.jpg
711,type5,img_55886.jpg
712,type5,img_84463.jpg
713,type5,img_67675.jpg
714,type5,img_14140.jpg
715,type6,img_88383.jpg
716,type6,img_31654.jpg
717,type6,img_18234.jpg
718,type6,img_23787.jpg
719,type6,img_91497.jpg
720,type7,img_46946.jpg
721,type7,img_7303.jpg
722,type7,img_56661.jpg
723,type7,img_71775.jpg
724,type7,img_90295.jpg
725,type7,img_100352.jpg
726,type8,img_50134.jpg
727,type8,img_61937.jpg
728,type8,img_52284.jpg
729,type9,img_10399.jpg
730,type9,img_48996.jpg
731,type9,img_91296.jpg
732,type9,img_41517.jpg
733,type9,img_39336.jpg
734,type9,img_47975.jpg
735,type0,img_2120.jpg
736,type0,img_29660.jpg
737,type0,img_27394.jpg
738,type1,img_89030.jpg
739,type1,img_92358.jpg
740,type1,img_62305.jpg
741,type1,img_97673.jpg
742,type2,img_93866.jpg
743,type2,img_49039.jpg
744,type2,img_5750.jpg
745,type3,img_93826.jpg
746,type3,img_23007.jpg
747,type3,img_13837.jpg
748,type3,img_74311.jpg
749,type4,img_62921.jpg
750,type4,img_36645.jpg
751,type5,img_49106.jpg
752,type5,img_90730.jpg
753,type6,img_31660.jpg
754,type6,img_73124.jpg
755,type6,img_11861.jpg
756,type6,img_19675.jpg
757,type7,img_41561.jpg
758,type7,img_68081.jpg
759,type7,img_48362.jpg
760,type8,img_76519.jpg
761,type8,img_14339.jpg
762,type8,img_75545.jpg
763,type8,img_73834.jpg
764,type9,img_82260.jpg
765,type9,img_13970.jpg
766,type9,img_101370.jpg
767,type9,img_30842.jpg
768,type0,img_64151.jpg
769,type0,img_80773.jpg
770,type0,img_66605.jpg
771,type1,img_86816.jpg
772,type1,img_98787.jpg
773,type1,img_33156.jpg
774,type1,img_41731.jpg
775,type1,img_31296.jpg
776,type2,img_34538.jpg
777,type2,img_45931.jpg
778,type2,img_86510.jpg
779,type2,img_78352.jpg
780,type3,img_49283.jpg
781,type3,img_48657.jpg
782,type4,img_32885.jpg
783,type4,img_37476.jpg
784,type4,img_29514.jpg
785,type4,img_79567.jpg
786,type4,img_89227.jpg
787,type4,img_49689.jpg
788,type5,img_94594.jpg
789,type5,img_86151.jpg
790,type5,img_63733.jpg
791,type5,img_58442.jpg
792,type5,img_40117.jpg
793,type5,img_73044.jpg
794,type6,img_14189.jpg
795,type6,img_63338.jpg
796,type6,img_24951.jpg
797,type6,img_16719.jpg
798,type7,img_74667.jpg
799,type8,img_20728.jpg
800,type8,img_51986.jpg
801,type8,img_70228.jpg
802,type8,img_26400.jpg
803,type8,img_65519.jpg
804,type8,img_49179.jpg
805,type9,img_62511.jpg
806,type0,img_77617.jpg
807,type0,img_81052.jpg
808,type0,img_44121.jpg
809,type0,img_79400.jpg
810,type0,img_55934.jpg
811,type1,img_83096.jpg
812,type2,img_80176.jpg
813,type2,img_258.jpg
814,type2,img_36063.jpg
